{
  "change_point_date": "2012-06-04",
  "mean_before": 0.000093,
  "mean_after": 0.008218,
  "absolute_change": 0.008125,
  "percent_change": 8722.31
}
